file,ts
buzzybill.png,1726326052
pokenoodle.png,1726319752
chainchompy.png,1726284767
sappybee.png,1726234285
kirbygreengreens.png,1726191794
bugroach_final.png,1726145180
emoji_abomahoneyshock.png,1726107218
honeypuddingh.png,1726100153
sappynewrender.png,1726057913
puddingh.png,1726056426
blinker_slime.gif,1726026925
bugroach_bad.png,1726020529
qs_espurr.png,1726011946
chimechullo.png,1725974058
qs_roach.png,1725970330
cerypixelfix.png,1725969104
qs_appletun.png,1725916249
qs_milcery.png,1725913922
jam_mewtwo.png,1725883184
qs_hisuzorua.png,1725845011
qs_heatran.png,1725842031
qs_swanna.png,1725834447
qs_hawlucha.png,1725830754
qs_buizel.png,1725821752
sappyhoppycat.png,1725806678
crowmoth.png,1725726469
heracrossrescue.png,1725632632
slugcat.png,1725538113
bugworm.png,1725450527
bugmantis.png,1725371011
turtwigpx.png,1725328706
hoppipnew.png,1725282694
site_badge_goo88x-export.png,1725220416
site_badge_goo88x.png,1725220194
blackmageff.png,1725202837
sadgoomy.png,1725154835
spacealientwitter.png,1725134881
requestcandy.png,1725117686
hdbuzzybeetel.png,1725027453
requestbunny.png,1725020894
stupidspheremons.png,1724932808
eeveesticker.png,1724847441
arceusbutton.png,1724813988
epicyarn_practice.png,1724766019
swizslime.png,1724760597
snoruntcell.png,1724673827
goodrafulbright.png,1724595722
shinyian.png,1724532919
sappybulletbill.png,1724529499
goomystare.png,1724501820
pm64_blockdelivery.png,1724421903
nyrebird.png,1724419486
goomycatch.png,1724375983
sappyshyguy.png,1724333739
goomywobble.gif,1724331272
goophotobomb.png,1724293825
goomycloseup.png,1724290093
dittokyudesk.png,1724287509
scolipedefulbright.png,1724272937
tumbr_cobalt.png,1724170176
pm64_introfall.png,1724103191
parakarry.png,1724069822
partnersatsea.png,1724015195
tumbr_pokey.png,1724008431
clefablecrayon.png,1723996823
pm64_intro.png,1723943319
sappycharcoal.png,1723930933
wormyboy.gif,1723924399
bulba_crayon.png,1723914007
tumbr_clure.png,1723819860
mario_killthisguy.png,1723777020
tut_vileplume.png,1723741455
tumbr_fable.png,1723638039
zorugameboy.png,1723595521
bfoc_reed_sappy.png,1723580922
slimepond_cpu.png,1723479332
slimepond_bg.png,1723479312
spikeblopnewnew.png,1723420110
surkit.png,1723328782
shuckley.png,1723250522
lostatsea.png,1723171837
terridragonfly.png,1723162419
hiyena_slime.png,1722907297
wos_girl.png,1722794862
site_bg_bluedither.png,1722640733
site_bg_grass.png,1722639613
fight_anotherpuni.png,1722635854
fight_slimefield.png,1722629378
blinker_stardew.gif,1722560749
fight_bloodkirby.png,1722551226
fight_worm.png,1722533776
fight_pihranas.png,1722472033
sappytailwag.gif,1722448412
fight_stickerstarboo.png,1722444468
fight_scardyghost.png,1722396971
fight_icecrems.png,1722383918
gbspheal.png,1722297748
fight_taverns.png,1722288324
fight_pmdemon.png,1722277265
fight_gamedevslime.png,1722205097
fight_tanoomba.png,1722193513
fight_ajbug.png,1722172739
fight_papermariobattle.png,1722129025
fight_ghostforest.png,1722109762
fight_workbug.png,1722033514
fight_booscare.png,1722008277
fight_dooplyparty.png,1721942368
fight_chompghost.png,1721920345
fight_poyo.png,1721914029
fight_fizz.png,1721860414
fight_paintaccident.png,1721846661
fight_bdaysnek.png,1721832252
fight_seafksn.png,1721442220
fight_toadys.png,1721429272
fight_bots.png,1721420983
fight_lavaspa.png,1721393508
fight_lemmypizza.png,1721347464
pixxlin.png,1721339646
fight_lime.png,1721305485
fight_creeper.png,1721257793
fight_popcornboy.png,1721249272
fight_punis.png,1721222018
fight_buglook.png,1721187392
fight_bugchomp.png,1721176867
fight_bugbros.png,1721172464
fight_slimeamalgum.gif,1721160494
fight_ghosto.png,1721133337
fight_lizhold.png,1721078517
fight_magebattle.png,1721052580
fight_chompyteatime.png,1721000930
fight_watermons.png,1720984448
site_badge_50x.png,1720981129
site_badge_88x.png,1720981123
fight_fakemon.png,1720909253
fight_bobomget.png,1720903604
fight_prickly.png,1720900488
fight_jelly.png,1720874038
fight_yoshitravel.png,1720834943
fight_yoshicool.png,1720786849
fight_showmanship.png,1720752179
fight_robotouch.png,1720746414
fight_sillybugs.png,1720701467
fight_shadow.png,1720654898
fight_mapleshell.png,1720644353
fight_plantslime.png,1720633879
fight_anttail.png,1720631674
fight_booflight.png,1720630309
fight_blueneyesdragon.png,1720575794
fight_ian.png,1720564847
fight_pokeybattle.gif,1720550344
fight_kobol.png,1720536710
fight_rhspace.png,1720535196
fight_lemmyagainagainbee.png,1720494032
fight_oceanlost.png,1720492510
fight_beemeet.png,1720479748
fight_thelostattack.png,1720477283
fight_tokicat.png,1720470757
fight_vibeocto.png,1720461729
fight_sky.png,1720459498
fight_sandshowdown.png,1720407245
fight_ghostparty.png,1720394818
fight_moffmeet.png,1720381407
fight_janislip.png,1720375036
fight_elecoms.png,1720372090
fight_foodscare.png,1720370623
fight_tennismatch.png,1720318402
fight_bugscare.png,1720311505
fight_lemmypet.png,1720303246
fight_toadshopkeep.png,1720301065
fight_tosters.png,1720296246
fight_kirbdance.png,1720294872
fight_slimefight.png,1720293445
fight_mushmeet.png,1720285356
fight_mushroomforest.gif,1720283918
fight_lemghost.png,1720281162
bday_edgesky.png,1720279439
fight_lemmyagainx3.png,1720221502
fight_keybe.png,1720215994
fight_fastapril.png,1720213912
fight_guitarslime.png,1720207642
fight_baseballbug.png,1720198667
fight_scrib.png,1720195111
fight_rapper.png,1720150540
fight_bugbonk.png,1720144730
fight_bughug.png,1720133990
fight_allybounce.gif,1720126930
fight_mimigirl.png,1720112220
sappy_wos.png,1720056069
fight_tanookigoom.gif,1720041822
fight_teatime.png,1720024385
fight_lghost.png,1719944874
sappybuzzy.png,1719937019
wos_pixely.png,1719867108
rd_vulpix.png,1719850440
sappygengar.png,1719764642
nini_wos.png,1719705192
trapinchsticker.png,1719604120
marioexperimental.png,1719510694
oldengambler.png,1719458615
lefferded.png,1719457831
anorith.png,1719419542
charfox.png,1719251073
blubybeachshiny.png,1719250067
toolgun95.png,1719194361
gbaslime.png,1719189662
retrocard.png,1719169231
retropencul.png,1719168702
retromines.png,1719167092
retrotf2.png,1719166791
macicon.png,1719166148
discordretro.png,1719166090
retromail.png,1719165986
stardew.png,1719164327
rd_clefable.png,1719074777
sappypiranha_yni.png,1718995101
buzzyarmy.png,1718899576
bombert_destuctiongang.png,1718832180
bitbee.png,1718753339
bitian.png,1718745143
edgworthvmario.png,1718736117
rd_clefairy.png,1718654394
rd_nidoking.png,1718541715
sappybobomb.gif,1718456001
bombert_sleeby.png,1718370147
porygonbday.png,1718297882
tatsugirilifeguard.png,1718223956
rd_nidorino.png,1718124466
sappyduplighost.png,1718038934
sappygooble.png,1717952105
comm_sock_gunman.png,1717852791
wos_artswap.png,1717782496
guitar_serenade.png,1717732053
guitar_serenade_preview_smol.png,1717731407
guitar_serenade_preview.png,1717731374
bis_slimebest.png,1717709198
rd_nidoran_m.png,1717681542
wiimote.png,1717627112
bombert_chompsurfing.png,1717621984
hungrynat.png,1717526374
bombert_superstar.png,1717448687
pokepond.png,1717363366
emaskye.png,1717274543
stickerstar_bombpartner.png,1717214257
gamblingchip.png,1717209718
kabbumem.png,1717179967
rd_nidoqueen.png,1717003584
lanternfright.gif,1716945638
pw_origin.png,1716832212
slimecursor_scale.png,1716777006
superstarvivian.png,1716742897
hueyttydremake.gif,1716675300
antgirly.gif,1716662941
acd_end.gif,1716555782
sappygoomyscarf.gif,1716470516
rd_nidorina.png,1716384926
slimejacket.png,1716296265
mint_depres.png,1716209373
rd_nidoran_f.png,1716141212
poppy_spotty.gif,1716058809
dooliss_eepy.png,1715950569
clodwoopsleep.gif,1715865038
comm_lemmy.gif,1715778240
slimelemon.png,1715692104
marillquick.png,1715604503
sappyhat.gif,1715569471
site_ico_nessie.png,1715545507
silverfishfrien.png,1715457439
lilacpuni.png,1715369201
rolypuni.png,1715296830
sappypuni.gif,1715259138
rolyazuril.png,1715207002
sappymarill.gif,1715173559
rd_sandslash.png,1715087211
sappybutterfree.gif,1715001240
rolydupe.png,1714944227
sproutmolesketch.gif,1714929079
scpbirdhd.gif,1714853496
rd_sandshrew.png,1714655022
bottledslimefresh.gif,1714588839
catpilar.png,1714481260
rd_raichu.png,1714395389
retrooddish.png,1714340423
zorumodern.png,1714252277
audinosticker.png,1714137167
sappyaudino.png,1714136071
sappymimikyusprite.png,1714051064
lonelywizlazier.png,1714049804
sappyshelmet.gif,1713964483
rd_pikachu.png,1713876514
sappyrolybitmapremake.png,1713790614
candysthesolewitnessagainohno.png,1713748590
kirbydoeshistaxes.gif,1713745620
zorufast.png,1713732706
nessiepx.png,1713531938
tostermk7.png,1713445457
rd_arbok.png,1713271850
sappyporygon.gif,1713186578
moremoremorelull.png,1713117201
icecreamslime.gif,1712927214
sappywooper.gif,1712841042
retrolaptop.png,1712769595
card.png,1712755014
pokempromo.png,1712716167
rd_ekans.png,1712666732
sappystakataka.gif,1712581199
fuecoco.png,1712526370
trapincheepy.png,1712320222
sappyscolipede_chibi.png,1712237857
scolipedesmooth.gif,1712150640
rd_fearow.png,1712062788
bg_nightforest_retro.png,1712006357
sappyphantump.gif,1711978347
lickitung.png,1711915772
cowgirl.png,1711838782
retroshopbag.png,1711827021
sappyspinda.gif,1711754272
sappygoomybmaps.png,1711733844
binbash.png,1711631696
eshopsticker_raw.png,1711546066
eshopsticker.gif,1711545529
reedfancybmap.png,1711476910
slimebunni.png,1711458069
rd_spearow.png,1711399877
applingift.png,1711336057
armaldobad.png,1711303126
swadloonbitsticker.png,1711242778
sappysurkist.gif,1711220159
gibbyfancybmap.png,1711149507
sappyheracross.png,1711114303
jliz.png,1711026948
gibby.gif,1710985556
trby_extbmap.png,1710974347
orangesbday.png,1710940233
sappyfancybmap.png,1710898348
honeyslimepfp_derp_usenetrender.png,1710879790
slimesnek.gif,1710854070
rolybug.png,1710806386
rd_raticate.png,1710768743
digmons.png,1710699584
3dsdownload.png,1710617841
spesstoolbox.png,1710613280
sebbysticker.gif,1710533518
pi_day_24.gif,1710443043
beefishing.gif,1710353765
chef_pyrol.png,1710263189
poppy_wc.gif,1710196197
marioday24.png,1710094991
goomysnack.gif,1710012080
blubybeepboop.png,1709907312
sappysandygast.gif,1709821273
sappymorelull.gif,1709734333
rd_rattata.png,1709664927
dsbadgex64.png,1709585316
sappydiglett.gif,1709561195
sappyfatbuzzy.gif,1709500990
sappyspacecarp.gif,1709428034
rd_pidgeot.png,1709319447
sappyapplin.gif,1709215253
coolkickflipslime.png,1709129513
slimejanni.gif,1709085311
rd_pidgeotto.png,1709042932
sappyhuey.png,1708955829
sappylitwik.gif,1708810681
sappypalwdino.png,1708697222
ghostslimesteven.gif,1708611734
chillet.png,1708538210
sappypalw.gif,1708388006
sappyclodsire.gif,1708304075
sappypichu.gif,1708215602
reedhd.gif,1708006798
valentines24.png,1707918867
rd_pidgey.png,1707841486
sappytatsugiri.gif,1707784382
sappyfurret.png,1707678306
sappysentret.png,1707599893
reedpx.png,1707486646
sappyboo.gif,1707400879
dragonflymaster.png,1707314312
rd_beedrill.png,1707228216
rd_kakuna.png,1707158539
sappydreepy.gif,1707083640
sappyrolyremake.gif,1706991783
sappystonjourner.png,1706883965
chuckolacolawobble.gif,1706796597
rayquaza.png,1706649839
sappymimikyu.png,1706629238
sappymarshadow.png,1706536860
beepsky.png,1706278355
sappyswadloon.gif,1706191649
bucketurtle.gif,1706104042
conductampharos.png,1706066426
beedrillfrench.gif,1706064167
rd_weedle.png,1706035059
sappybeedrill.gif,1705933075
sappyweedle.gif,1705878452
sappygourgeist.png,1705779503
sappymagcargo.gif,1705672660
sapbeep.png,1705609075
rd_butterfree.png,1705602005
beanieghosthome.png,1705501069
sappyelekid.gif,1705449221
linkglove.png,1705375621
eb_ufo.gif,1705265426
dragonfly.gif,1705187475
crtboinew.png,1705070022
sappycharjabug.gif,1705030802
wormsappy.png,1704981443
rd_metapod.png,1704944910
zoruriver.gif,1704896254
cerybeachnew.gif,1704809250
pikmnin.gif,1704754620
vionline.gif,1704661016
pokedata.png,1704599941
sappygoodra.png,1704584688
rolyslime.png,1704577551
rolycrab.png,1704498772
comm_nerv_tabslime.gif,1704401405
shellghost.gif,1704322783
sappygoomy.gif,1704225025
newyear24.gif,1704146085
slimedog.gif,1704058832
tostermk6.gif,1703992494
rd_caterpie.png,1703964896
sappytrapinch.gif,1703907739
rd_blastoise.png,1703776365
sappyflygon_sprite.png,1703666628
sailerbucket.png,1703572468
site_ico_bushy.png,1703560540
christmas23.png,1703456992
sappyfalinks.gif,1703365792
magicrab.gif,1703283322
flamy.png,1703191710
frosty.png,1703130939
salandit.gif,1703081428
slimesnailwater.gif,1703044414
sappyhamster.gif,1702995564
comm_sserp_bugchristmas.png,1702956276
blubywatery.gif,1702939731
sapsibling.gif,1702852309
shlorp.gif,1702845186
cannonsappy.gif,1702786094
sappyflygon.png,1702771035
rd_wartortle.png,1702666095
bday23.gif,1702555087
vgsubmission.gif,1702527162
candysnekwater.gif,1702476616
cloddy.gif,1702391243
codeblocks.png,1702339307
rd_squirtle.png,1702322131
soladriving.png,1702246508
solahwc.gif,1702236347
genger.gif,1702044649
betahuey.png,1701958280
poppy_bug.png,1701870832
site_ico_wubby.png,1701698187
comm_sserp.png,1701641462
site_ico_sebby.png,1701440568
site_ico_shop.png,1701440204
site_ico_clay.png,1701440006
site_ico_toster.png,1701439817
site_ico_reed.png,1701439617
site_ico_cery.png,1701439390
site_ico_bluby.png,1701437937
site_ico_sappy.png,1701404712
moremorelull.png,1701267136
lunk.png,1701210872
rd_charizerd.png,1701091882
wigglytuff.png,1701044873
penginsnownew.png,1700935099
sebbyglowy.png,1700857917
rd_charmeleon.png,1700768689
blubybeach.png,1700681313
rd_venusaur.png,1700591501
rd_ivysaur.png,1700504351
vibravasleepy.png,1700416834
fanpy.png,1700338702
sappyglow.png,1700244176
terribleslime.png,1700171591
rd_bulba.png,1700142976
bottledslimenew.png,1700057469
sserp.png,1700055861
trbw.png,1699968886
trbshp.png,1699934340
charry.png,1699882778
pd_1.png,1699824045
lampy.png,1699736186
reed.png,1699623594
psyduck.png,1699537411
site_toster.png,1699428345
tro.png,1699410019
medibug.png,1699339457
hungrycater.png,1699332316
motherslug.png,1699259852
chillyquil.png,1699162839
minesweep.png,1699159159
blubybf.png,1699132264
zorubug.png,1699056512
trapinchbug.png,1698993487
payloadcart.png,1698905045
marioslime.png,1698817169
rescascade.png,1698786875
sappypfp.png,1698644320
trby.png,1698557583
magisnail.png,1698471072
cherrimun.png,1698409026
chandelurial.png,1698299293
transbee.png,1698286470
bellossy.png,1698211787
mwhapygary.png,1698195542
blubyartist.png,1698125131
tic80new.png,1698075822
oddishplanted.png,1698039161
dragonite.png,1697982453
mazymice.png,1697867084
tiedslime.png,1697804423
jbg.png,1697761031
pencilmeta.png,1697741632
slimecatnew.png,1697693014
mailnew.png,1697652104
sockpuppet.png,1697628834
toxelp.png,1697521460
retroarch.png,1697475450
expgulpin.png,1697438401
experimcyndaquil.png,1697399280
lebbybuggo.png,1697349280
hoppipixely.png,1697262155
nessy.png,1697214577
cyndaquillum.png,1697156793
arcozolt.png,1697091342
nibbles.png,1697000880
ipcnew.png,1696916966
gossifleur.png,1696833031
zoru.png,1696741312
slimesnailnew.png,1696656273
clefable.png,1696595432
rokubday.png,1696478513
omanytenight.png,1696424659
dewpiddle.png,1696311497
hornedmushroomnew.png,1696270959
detectiveslime.png,1696252287
halloweenpfp23.png,1696214555
scolipedal.png,1696138995
nudibranch.png,1696050873
alcremelt.png,1696000790
vulpixel.png,1695969680
ampharosass.gif,1695885817
vibravspeen.png,1695881613
magcargoomy.png,1695844239
candysnek.png,1695791083
mothtopus.png,1695783393
tostermk5.png,1695709217
watertepig.png,1695691686
parischunew.png,1695665573
cosmogglow.png,1695620255
miniblubblenew.png,1695532338
vanillite.png,1695451853
pillowbug.png,1695384771
crabmerchant.png,1695276171
lebbypix.png,1695237752
salvo.png,1695187790
puppetbug.png,1695182592
buisnessgoo.png,1695157707
profilepic7.0.png,1695103985
papermariosappy.png,1695098969
swablu.png,1695092827
happy3000.png,1695020103
msassistantpaper.png,1695018274
papermarioslime.png,1695008029
keyer.png,1694997266
crabslmie.png,1694986540
squireslime.png,1694929188
vivian.png,1694924228
hdslime.png,1694895354
minecraftslime.png,1694852862
slimegang.png,1694785160
blubyprofilepic.png,1694780366
cerypatted.png,1694697883
futureslime.png,1694671571
scpbird.png,1694623817
eevee.png,1694610978
cinroll.png,1694576193
spikesterclean.png,1694496466
noona.png,1694408410
fishghost.png,1694365940
mukky.png,1694291073
elgyem.png,1694236689
slimecatnmew.png,1694150567
snailesae.png,1694092652
corsolabad.png,1694087470
shucky.png,1694003302
fatbuzzy.png,1693891705
maskbros.png,1693808739
firefly.png,1693724116
ceryancestor.png,1693632053
waterbugreturn.png,1693547670
waterbeetle.png,1693486389
sealfissionwow.png,1693401609
phanpy.png,1693291085
slimemoffagn.png,1693200722
santaslime.png,1693178467
cacneapixworse.png,1693112806
pyumuktwo.png,1693027340
marshy.png,1692966791
slimebun.png,1692862199
syncterm.png,1692843671
beanslime.png,1692768260
aurrus.png,1692681965
stonerpg.png,1692625412
wurmple.png,1692602509
ghostplant.gif,1692600454
slimehooman.png,1692508367
sappyidle.gif,1692430153
leavanny.png,1692422850
vileplumey.png,1692366352
dratinilong.png,1692330094
slimedoublejump.gif,1692323121
natu.png,1692189663
slimeland.gif,1692155291
link.png,1692080965
slimewaving.gif,1691995755
salamence.png,1691990384
bergmite.png,1691906864
babygslime.png,1691818038
swadloonworse.png,1691691571
poptop.png,1691672849
ceryagainagain.png,1691576319
badbun.png,1691472256
slimesnailye.png,1691396264
newfuecco.png,1691345429
scatterbug.png,1691214347
phantump.png,1691127747
gooeykirby.png,1691040201
rockslime.png,1690954666
slimknight.png,1690867356
karblast.png,1690786972
sproutmole.png,1690693881
medbotsmooth.png,1690608094
marillo.png,1690521356
weedle.png,1690435090
haloweenghost.png,1690352276
slupruff.png,1690307693
abra.png,1690203334
vapbreon.png,1690092992
icecreamslimeredux.png,1690005328
octo1.png,1689985626
pushpopslime.png,1689960055
badmisdrev.png,1689915639
pw_computerlab_composite.png,1689859866
bottledslimepurple.png,1689834284
wd40.png,1689819359
glowshroomslime.png,1689786919
bunslimenewerbad.png,1689750220
slimeplush.png,1689701895
plushslime.png,1689663859
pw_crimescene_composite.png,1689643726
ceryagainx9.png,1689612635
friendlyghost.png,1689574767
genericslime.png,1689559652
fomantis.png,1689488006
dwebble.png,1689400704
sandghost.png,1689340037
hoppipix.png,1689312846
duosinbad.png,1689251947
hornedmushroomhd.png,1689225058
venonib.png,1689166352
worsecandykirb.png,1689051623
aron.png,1688967862
marshadowbyte.png,1688882469
shroomy.png,1688803331
venugun.png,1688707748
glaceonbad.png,1688707008
venusaur.png,1688647708
cacneapix.png,1688538868
spikeyblop.png,1688448917
onpar.png,1688362814
octo.png,1688274239
woopie.png,1688267186
gateway.png,1688266547
larvitar.png,1688194379
mantyke.png,1688103119
skorupi.png,1688045596
nonbinaryslime.png,1688016015
weedleuncanny.png,1687929324
clobsire.png,1687869940
gawblin.png,1687783929
stakataka.png,1687754905
whimsycot.png,1687718773
ceryblock.png,1687654762
ampharospar.png,1687590442
blubyblock.png,1687527645
zorualaptop.png,1687497410
urbanghost.png,1687416730
at_comfi.png,1687397189
medicham.png,1687325735
msassistantreturn.png,1687267687
gerafgarden.png,1687263180
poisonmush.png,1687241898
abrabad.png,1687153708
snivii.png,1687151004
jirachium.png,1687066450
bookslime.png,1687062182
shyslimesnail.png,1686981184
helighost.png,1686922720
absorb.png,1686894534
mimikyuwood.png,1686883290
acidrain.png,1686833848
doubletap.png,1686808624
grodrev.png,1686749446
lilligantpx.png,1686721071
milcerybd.png,1686634416
blissy.png,1686548532
solebeepboop.png,1686461162
nincada.png,1686378548
ghostmail.png,1686289326
litwickburnedline.png,1686245176
pinkslime07.png,1686201868
silvergenisis.png,1686121612
edenturret.png,1686096442
helioptile.png,1686091694
candykirby.png,1686031971
pluff.png,1685947232
slimehelmet.png,1685914905
candyghostboop.png,1685856574
slimeairb.png,1685818077
slimemothnew.png,1685770103
slimepolaroid.png,1685721781
cleffa.png,1685685798
bulber.png,1685674689
slimeohio.png,1685665466
slimeicecream.png,1685646903
site_pride.gif,1685603466
slimesworda.png,1685558666
amaura.png,1685510497
drizzileinbloop.png,1685488454
morelull.png,1685429492
lebbybugpix.png,1685418003
slimesword.png,1685394626
lampentity.png,1685342416
murryslime2.png,1685330450
murryslime.png,1685328444
radioslime.png,1685309007
solarfox.png,1685252416
site_fogoftired.png,1685234717
hotcocoa.png,1685223375
regi_elec.png,1685221952
sableyesolar.png,1685168470
jammytip.png,1685166296
chair.png,1685162912
jammy.png,1685107838
cloakedcaterpilar.png,1685080454
tostermk4.png,1685068855
gnomed.png,1685049000
bounsweeter.png,1685020225
smoleslug.png,1684997216
slimeheart.png,1684985660
slimemental.gif,1684984467
hueyshift.png,1684934800
wormageindirt.gif,1684905943
wormymage.png,1684884130
shellygonn.png,1684846875
giratina.png,1684821150
lonelywiz.png,1684809955
paladin.png,1684805556
standingsluggo.png,1684780181
drampa.png,1684779451
carracosta.png,1684760574
secbotmk3.png,1684736454
shopkeep.png,1684725709
dignetkh.png,1684716360
averygoodemojiplease.png,1684715709
shucksisucks.png,1684650096
swadloonison.png,1684564657
diglettpx.png,1684519850
azurill.png,1684477165
hairslime.png,1684469975
jumpyslime.gif,1684463225
site_dizzy.png,1684460471
oprain.png,1684416459
site_mint.png,1684390044
site_pool.png,1684389507
site_cery.png,1684388820
site_sebby.png,1684388130
site_bluby.png,1684387114
woopershiny.png,1684380306
site_swadloon.png,1684347476
octum.png,1684330366
hug.png,1684299642
site_awkwardcola.png,1684286886
site_upsetti.png,1684284074
venipedepixel.png,1684261291
site_shock.png,1684241719
veryrealpersonnotslime.png,1684240411
site_sleep.png,1684215682
site_intro.png,1684213922
murkrow.png,1684174942
planter.png,1684174249
dexolsky.png,1684156987
togedemari.png,1684128997
pichu.png,1684048573
litwicktubby.png,1684021619
volporb.png,1683954879
bookghosto.png,1683916128
chuckolacoladx.png,1683896142
charmandersleepy.png,1683869299
tatorbee.png,1683828658
regice.png,1683809402
cubchoo.png,1683782517
slimyghost.png,1683741289
betaunown.png,1683722589
cherrimpx.png,1683696756
fwnlyladybugo.png,1683656686
dewpider.png,1683639704
porygonplanter.png,1683609628
munchy.png,1683598063
jumpluffball.png,1683588180
parischu.png,1683570521
hazardpizza.png,1683487668
slowpoke.png,1683441521
cerycdthug.png,1683351448
icecreamslime.png,1683311308
cdghost.png,1683289768
hoppity.png,1683251573
closir.png,1683224885
eden.png,1683178255
slimecatmeow.png,1683137942
mystic_bday.png,1683119045
rfirebad.png,1683086610
slimebag.png,1683080330
pikapika.png,1683051748
excadrill.png,1683030562
cascoon.png,1683004566
blubysmooth.png,1682965051
purpleslimebeach.png,1682947452
makuhits.png,1682944418
porygonpointer.png,1682882007
ledybah.png,1682832035
koopghost.png,1682792185
gourgeistsprite.png,1682685193
caterpilarnewer.png,1682639319
wooperypix.png,1682619923
woopery.png,1682598803
spooopyy.png,1682565949
duosionpix.png,1682532473
duosion.png,1682513881
deadbug.png,1682447093
littlebugo.png,1682428845
duraldeen.png,1682427678
phioney.png,1682347726
wobblefett.png,1682313649
tic80_ghosthover.gif,1682300279
noibat.png,1682269755
hoopa.png,1682189217
shuackle.png,1682141112
hornedslime.png,1682100410
clefairywc.png,1682081127
swinub.png,1682061379
scarfghost.png,1682032879
sentientcandy_beepboop.png,1682013964
sizzlipede.png,1681992728
hatterene.png,1681927371
roselia.png,1681908000
termite.png,1681885899
weebilpx.png,1681881156
femboymedbotmk3.png,1681868649
slimefireq_new.png,1681821959
turtwig.png,1681820662
shandsew.png,1681748750
cosmog.png,1681730057
sadblob.png,1681672646
budew.png,1681622335
honeyslime_pizza.png,1681615847
barboach.png,1681598540
shiinotic.png,1681555935
wynaut.png,1681555187
omanyte.png,1681475462
chikoritia.png,1681455828
subpixelbadanim.gif,1681403011
hueyburt.png,1681389907
cerychalky.png,1681380726
vibraveen.png,1681362400
floette.png,1681323154
elekmid.png,1681304588
heracrosswaving.png,1681282395
bg_nightforest_redux.png,1681268799
pcad.png,1681247230
scorbun.png,1681236521
blockgirl.png,1681217987
gourgeist.png,1681180395
chandelurepixel.png,1681109875
paresect.png,1681105241
mushroomdiglett.png,1681028849
diglett.png,1681027243
a_squrtle_revive.png,1681024065
turnip.png,1680992292
spidermon.png,1680991711
spinark.png,1680936521
cacti.png,1680922220
lickyfusion.png,1680845537
stunnyfisk.png,1680844361
crtboi_true.png,1680837312
abeemahoney.png,1680802118
slimecatfriends.png,1680758335
alovulpix.png,1680715753
popplio.png,1680700624
minun.png,1680677272
vulpix.png,1680672372
banette.png,1680632330
tic80.png,1680627708
munchlax.png,1680615562
neonphantump.png,1680614596
petilil.png,1680588084
magenite.png,1680577345
buzzer.png,1680573090
shelmet.png,1680527448
cerybeach.png,1680498327
slurpuff.png,1680420045
seanoodle.png,1680395190
sunshineblubagainx4.png,1680337898
standingslug.png,1680321093
honeyslimepfp_derp.png,1680312254
swirlixstand.png,1680269234
tanglafire.png,1680268634
archen.png,1680242879
cuboned.png,1680241458
mgslime.png,1680205211
medstack_pixel.png,1680196310
candyghos_newere.png,1680182324
tostermk3.png,1680155564
dratini.png,1680113323
sceptile.png,1680095937
bounsweet.png,1680070049
dndcapitalistboneman.png,1680054420
masqerain.png,1680050084
gulpin.png,1679981414
igglybuff.png,1679898134
sebbyspikeblop.png,1679896024
pbb_ghosti.png,1679819422
happiny.png,1679722131
pidove.png,1679680756
mawville.png,1679664378
shyguy.png,1679585822
dugtrio.png,1679575774
mochislimes.png,1679552539
pixdrifloon.png,1679549610
dexol.png,1679536484
solewc.png,1679491528
lebbybug.png,1679450203
surskit.png,1679449161
marshbug_pixel.png,1679418487
lampent.png,1679403370
jackpack.png,1679386121
slimehaduken.gif,1679368784
piplup.png,1679335678
hawlucha.png,1679290850
shinxeevee.png,1679281534
magcargo.png,1679206245
milcery.png,1679181456
poppy_pixel_new.png,1679157566
aaron.png,1679076912
miniblubble.png,1679065141
gastodon.png,1679031116
blubblepix.png,1678990414
typhlosion.png,1678981981
clodsire.png,1678972960
snivy.png,1678945491
chansy.png,1678939211
bewear.png,1678862305
pi_day_23.png,1678848471
watermelon.png,1678847950
cacnea.png,1678821578
slimecream.png,1678773519
fliphatena.png,1678690800
munna.png,1678665616
sebbybeepboop.png,1678595392
marioday23.png,1678466728
cerypixel.png,1678429077
candleghos.png,1678385589
buggoman.png,1678338878
gibbl.png,1678245241
misdrevos.png,1678171856
flareon.png,1678123870
raltse.png,1678086825
floppydisk.png,1678081485
applin.png,1678047000
blubywatorcolr.png,1677999493
wobbuffet.png,1677967022
krobus.png,1677913282
arbok.png,1677877077
porygon.png,1677853015
aurorus.png,1677826694
terapagos.png,1677808541
dittoeon.png,1677784017
mirrorspirit.png,1677766925
breloom.png,1677743197
slowking.png,1677698327
lilligant.png,1677652448
duraludon.png,1677611788
foongus.png,1677568096
mawtortle.png,1677560764
leafon.png,1677524846
alcreme.png,1677481075
ledian.png,1677448208
cyndaquillium.png,1677425530
cherrim.png,1677395598
muk.png,1677374774
swirlix.png,1677310968
toxel.png,1677296495
mothim.png,1677266585
bonedsly.png,1677265651
quagsires.png,1677248110
grubbin.png,1677220774
chomper.png,1677188528
marshtop.png,1677178984
scolipede.png,1677161069
phione.png,1677118208
menacingdeino.png,1677093373
bellsprout.png,1677092133
cherubi.png,1677075246
sliggo_new.png,1677048064
skarymory.png,1677040608
chespin.png,1677006372
flappypkmn.png,1677003902
venipede.png,1676987189
politoed.png,1676961637
lileep.png,1676961224
rolypoly.png,1676941740
shroomish.png,1676930563
volbeat.png,1676878086
karrablast.png,1676877348
happy2000.png,1676864203
smeargle.png,1676841527
sadgang.png,1676791052
slimesnail.png,1676758247
blanketslime.gif,1676755647
frillish.png,1676706911
legmonster.png,1676660157
makuhita.png,1676659579
toxicroak.png,1676651852
drawnsudowoodo.png,1676619779
amphariolu.png,1676619051
sandyghast.png,1676616380
slimedrop.png,1676608822
stonjorner.png,1676601351
castformrainy.png,1676575203
drizzile.png,1676574372
huey.png,1676566131
sealfission.png,1676564521
polycoat.png,1676529950
spheal.png,1676528449
swalot.png,1676527536
bagon.png,1676525238
enemyconcenpts.png,1676519127
ghosticon.png,1676513911
driq.png,1676513470
raichu.png,1676497908
eiscue.png,1676488177
stretchybean.png,1676484811
sharpedo.png,1676402526
valentines2023.png,1676382817
bookenemy.png,1676340848
bunbounce.gif,1676338158
beepskysmash.png,1676315782
voltorb.png,1676296969
chandelure.png,1676244571
appletun.png,1676233748
sprouted.png,1676233056
litwick.png,1676184722
onxnew.png,1676177607
croakung.png,1676160913
sableye.png,1676097121
lapras.png,1676084979
golurk.png,1676056150
nosepass.png,1676052959
dragapult.png,1676038789
drakloak.png,1676002827
lizordball.png,1675976081
toxapex.png,1675974427
pickupbot.png,1675969019
dreepy.png,1675952313
poisonralts.png,1675899657
badgallade.png,1675884497
clefairy.png,1675883170
toxitricity.png,1675866683
stuffel.png,1675865778
palossand.png,1675865250
swadloonpixel.png,1675798230
poliwag.png,1675797444
pyumuku.png,1675742751
badshey.png,1675712059
betaelekid.png,1675710730
heracross.png,1675702570
likitung.png,1675644916
cyndaquill.png,1675583583
swordbee.png,1675532759
flabebe.png,1675450193
icecream.png,1675377427
beaniewalk.gif,1675367466
fraxure.png,1675366062
beanieattack.gif,1675319715
beanieidle.gif,1675307562
godot.png,1675305161
beanieslime.png,1675298377
trapzor.png,1675281898
deino.png,1675238002
ratmann.png,1675215921
stunfisk.png,1675214280
marchio.png,1675210782
krokowak.png,1675202970
medstack.png,1675188990
itsawhale.png,1675145719
slimey.png,1675106384
grod.png,1675087552
gible.png,1675060768
spacecarp.png,1675043784
pawniard.png,1675034090
nacstack.png,1675029561
klvnew.png,1675022985
mdonbanner.png,1674957446
mdonpfp.png,1674954511
chuckolacola.png,1674945723
vivillon.png,1674944046
sole.png,1674887827
venonat.png,1674875893
slimepopsicle.png,1674847716
dewgong.png,1674846870
ampharos.png,1674785516
dittoman.png,1674760482
rotum.png,1674742183
butterplush.png,1674689038
mimikucloth.png,1674684216
deformedkoopa.png,1674674613
mimiku.png,1674665687
ceryreturn.png,1674607015
spikyboi.png,1674582896
stainedwards.png,1674532049
togekissnew.png,1674507149
togekiss.png,1674501225
terriblegodawfulstupidrock.png,1674462493
whaled.png,1674458347
tostermk2.png,1674431018
elekid.png,1674407346
blubble.png,1674328450
umbeon.png,1674253796
cpuboy.png,1674242522
combee.png,1674156050
charja_up.png,1674115450
charja.png,1674095536
dogbad.png,1674069656
clippy.png,1674026390
parasect.png,1673983455
sudowoodo.png,1673982751
silver.png,1673880953
rfirebot.png,1673880171
bugthingyd.png,1673809364
par.png,1673749754
cottonee.png,1673725518
swadloon.gif,1673666381
audino.gif,1673638137
ghostly_corsola.png,1673575590
hoppip.png,1673551208
corsola.png,1673486915
pengincelebrate.png,1673465037
worsermoth.png,1673401205
yanma.png,1673378292
marshadow.png,1673323767
drifloon.png,1673318811
paperbobom.png,1673248410
turtlehat.png,1673231941
mothflypixelneww.png,1673225693
goodrapet.png,1673049458
candypixel.png,1673032984
crtboi.png,1672976752
avunit.png,1672975539
mothflypixel.png,1672946421
goblinboi.png,1672882061
regiball.png,1672874033
mothfly.png,1672788051
aol.png,1672766101
suitcase.png,1672687429
wormy.png,1672598203
marshbug.png,1672517873
quietbug.png,1672517475
catball.png,1672509158
beanieghost_overworld.png,1672437802
beanieghost.png,1672424719
jirachi.png,1672365830
falink.png,1672252256
latios.png,1672166433
bunslimenew.png,1672077789
chrismes.png,1671987333
present.png,1671920377
chromium.png,1671860374
badvulpix.png,1671811820
blobbb.png,1671744700
blobbo.png,1671724375
hemightpaintapictureofaclown.png,1671663204
shellos.png,1671634045
magighost.png,1671583305
eswordman.png,1671581395
lavtar.png,1671552472
medbot_watercolor.png,1671474002
wooperagn.png,1671407493
vibrva.png,1671304669
grass-legendary-pkn.png,1671243173
shupet.png,1671170738
pencil.png,1671126068
colacan.png,1671113934
bday22.png,1670997941
ba-pengin.png,1670976216
bad_toolboxbot.png,1670906087
medbot_pickup.gif,1670840409
oddish.png,1670791701
medbotded.png,1670785480
vileplum.png,1670712756
fogboundlake.png,1670694098
flygon.png,1670641660
wooper.png,1670594935
denoslep.png,1670480105
poppy_pixl.png,1670404154
holiday_poster_wallng.gif,1670393804
apple.png,1670336566
stupidocto.png,1670210925
holiday_poster_collage.gif,1670180871
penginsnow.png,1670099314
bad_powersink.gif,1670046607
googang.png,1670043057
messyburg.png,1670039624
colermachine.png,1669990960
joja.png,1669967550
floplook.png,1669951624
landflop.png,1669950477
medheal.png,1669868389
unclean_bot.png,1669818510
stupidmooseghost.png,1669771751
biggerbadpizza.png,1669577387
angypizza.png,1669573812
bad_hardlightbag.png,1669510856
badgun.png,1669489898
misdrav.png,1669408958
krobean.png,1669324230
evilblend.png,1669242254
toster.png,1669229023
liwz.png,1669144044
batfrin.png,1669069561
stupidpixelmedb.png,1669002808
octolad.png,1668982350
fuecco.png,1668902726
waterbug.png,1668819946
sentientcandy.png,1668744470
bugguy.png,1668742924
ruinedspoink.png,1668654266
lehg.png,1668652627
stupiddemonguy.png,1668522585
whatsyourfavoriteidea.png,1668484115
stupidminislime.png,1668475878
ss13_thegang.png,1668359487
goomy_again.png,1668288622
axelotl.png,1668228880
dexty.png,1668217884
nutmeg.png,1668209511
sliggo.png,1668138815
study_sdv_candy_done.png,1668132962
seedyslime.png,1668090974
rosella.png,1667978861
buny.png,1667898475
stupidstarite.png,1667874552
mudkip.png,1667790126
giblin.png,1667777130
badmoth.png,1667762417
handtele_.gif,1667682617
stupidbadslime.png,1667625019
drinkbad.png,1667608752
i suck.png,1667569276
magnemite.png,1667532208
button.png,1667483439
catfire.png,1667444694
radio_anim.gif,1667396881
flameboi.png,1667355382
badboom.png,1667353210
nametag.png,1667270303
polaroid.png,1667260495
ghostsheet.png,1667224068
oldcandy.png,1667162390
crt.png,1667090353
omegaslime.png,1667084109
koolaidbabi.png,1667070712
baddlightrep.png,1667068120
harospex.png,1667010460
lightreplacernewbad.png,1666963077
zerg.png,1666929042
fancislime.png,1666837926
cd.png,1666832043
size_comp.png,1666753596
paystand_new.gif,1666751506
bghost.png,1666742556
slimeliz.png,1666669881
katbarghost.png,1666579864
spinboo.png,1666557090
paystand.gif,1666543474
chemgen.gif,1666472200
candycorn.png,1666226841
badcube.png,1666224324
stupidbread.png,1666186884
badrope.png,1666099651
Code_crab.png,1666066679
Octopus.png,1666066679
candle.png,1665957317
pumkinmon.png,1665786123
exadrill.png,1665699567
Slime_delivery.png,1665699557
stupidbug.png,1665628137
slimeshield.png,1665536647
ghost_um.png,1665200597
bad_litwik.png,1665029574
ghost_halloween.png,1664931694
gumball.png,1664867226
retro_glasses.png,1664845248
suit_sensors_poster.png,1664804520
bad_mop.png,1664483768
ethey_talk.gif,1664419955
babi_slime.png,1664332495
ecto_portable_newert.png,1664167171
ecto_portable_new.png,1664145312
nplus.png,1664141384
ecto_portable_start.png,1664090494
crimson.png,1664075575
sm_gey_thisisbad.png,1663997583
halloween_slime_5.png,1663914170
halloween_slime_4.png,1663912960
halloween_slime_3_bad.png,1663911880
halloween_slime_2.png,1663909811
halloween_slime_1.png,1663908617
bad_wooper.png,1663889988
moff_slime.png,1663823488
bad_person.png,1663807945
coffee.png,1663720312
snail_worm.png,1663661219
stupidball.png,1663649940
medibot.png,1663648690
stupidgloves.png,1663592543
sgens.png,1663537389
collab1.png,1663530533
slightly_better_moth.png,1663454382
smolmoffboi.png,1663431737
shading_is-hard.png,1663296817
caterpilar.png,1663213647
stupiddumbstupidawfulidiotmushrromimnevergoingtobegoodatdrawing.png,1663138720
dumb_stupid_mushroom_umbrella.png,1663137752
bad_chicken.png,1663137092
bad_bad_bee.png,1663135362
radiator.png,1663126276
amosbot.png,1662952124
grod_nad.png,1662764020
post_box.png,1662752711
bug_alien.png,1662700452
bad_bag.png,1662614099
cola_newpallet_newer.png,1662526297
trainy.png,1662414691
slime_person.png,1662319446
pai_boot_run1.gif,1662306413
cdtplush.png,1662243724
plush_alen.png,1662234419
attempted_minerfight.png,1662183232
cranklight.png,1662157217
boxgorl.png,1662097057
betterslime_px.png,1662017148
badskime.png,1662013392
threelittleslims.png,1661918989
badslime.png,1661834914
badwarden.png,1661735591
stupidgoggles.png,1661652514
sluggy.png,1661565692
vsc.png,1661400642
candyghos_new.png,1661388555
emag_stillbad_sligtlybetter.png,1661324902
stupidcryo.png,1661312101
snekky.png,1661218597
comb.png,1661150180
badman.png,1661071385
terriblecircle.png,1661067628
bugthing.png,1661032937
telesticlk.png,1660796403
stupidblob.png,1660787127
dumbslime_beeps.png,1660703428
badapple2.png,1660602493
badapple.png,1660539811
holocall.png,1660535945
plant.png,1660443585
terriblerocket.png,1660365901
tired_jani.png,1660278471
stupid_depmedbot.png,1660184961
poordrawnmothg.png,1660100045
honeyslimepfp_code.png,1660088896
lam_head.png,1660027560
lam_com.png,1660027527
lam.png,1660027396
lam.gif,1660026747
janiplacer.gif,1660005907
mushroom.png,1659972421
stupidcard.gif,1659833803
ipc_ba.png,1659581005
medibota.png,1659502469
bad_swsh.png,1659404973
chibixeno.png,1659218416
feck.png,1659058425
flyingbat.png,1658901855
hslimenewnew.png,1658894289
generic_awful_huma.png,1658810407
rounybad.png,1658718486
bad_duck.png,1658633168
weebil.png,1658508402
papercard.png,1658328031
lightrep.png,1657946291
can dycane.png,1657859925
desecrated_id.png,1657776119
hiddenemag.png,1657743231
cowboyinv.png,1657491693
spyemag.png,1657425983
iceglass.png,1657425312
dumbdrink.png,1657421863
diycryo.png,1657396728
samsonletman.png,1657389009
sswhatev.png,1657349680
beretslie.png,1657209853
awful_usbsprite.gif,1657208027
blubyagainx5.png,1657134034
chervyal.png,1657078655
portal.png,1657054872
sonic.png,1656888024
demofrog.png,1656790962
badbee.png,1656729708
badcar.png,1656712167
mail.png,1656638041
girlpfp.png,1656621845
slimeknigt.png,1656557193
flooredbot.png,1656533096
awfulawfullizardaaaa.png,1656441184
badslome.png,1656348631
soldierfrog.png,1656295744
newsie.png,1656197649
scoutfrog.png,1656096791
liznerd.png,1656007230
frogf2.png,1655929986
pyro_bad.png,1655843248
cry.png,1655750660
welcometothestationcrewenjoyourstay.png,1655618236
sleepslime.png,1655582062
femboymedbotmk2.png,1655489141
happy1000.png,1655425210
bad_frog.png,1655395246
psa_1.png,1655326556
bad_ghost_again.png,1655230320
dvd.png,1655149522
postal.png,1655088325
slyvbad.png,1655060024
hl1_alt.png,1654990357
bad_trans.png,1654980373
literallycandy.png,1654884266
bad_ghost.png,1654820377
lizarhi.png,1654706148
cerynew_new_new.png,1654629713
magiclsime.png,1654574365
bytsteal_bday_ne.png,1654529136
discoslime.png,1654480285
tuxhey.png,1654413038
littletimcandycig.png,1654325408
wingul.png,1654322991
jellobadagai.png,1654284473
jello_bad_aa.png,1654282197
gayslime.png,1654280421
big.png,1654220495
kbslime.png,1654152421
gooda.png,1654129795
cdt_bad.png,1654115411
goomy.png,1654054493
assistantaxe.png,1653975112
hslimenew.png,1653930819
pkfirefox_new.png,1653855343
demoney.png,1653800507
onx.png,1653757727
awful_slime.png,1653680819
some_guy0.png,1653618194
sunshineblubagainx3.png,1653528479
asssistantbomb.png,1653448839
dapper_cubesloem.png,1653356059
ger_jp.png,1653278968
bluby_jp.png,1653252009
gaf_sleep.png,1653182148
slimeghost.png,1653096092
kooper.png,1653013251
candycaneannihalator.png,1652912601
gafgotdegun.png,1652846142
hairthing.png,1652832910
cook.png,1652766148
spikeslime.png,1652746941
scotuy.png,1652746454
leafyishere.png,1652676150
hslime.png,1652659315
militmanreal.png,1652640949
gaf.png,1652568490
uhhslimecomx.png,1652562453
militboy.png,1652502200
secbot_new.png,1652501950
gerab.png,1652400957
bugcrawl.png,1652332082
ger.png,1652324347
catslime_blue.png,1652314689
bad_anim.gif,1652242405
bunslime.png,1652224445
slimenew.png,1652155232
pbb_self.png,1652141920
bluvy.png,1652072745
blubynewstyle.png,1652058789
poppy_new.png,1652046246
stag_new.png,1651955862
frflam.png,1651899093
pbunmask.png,1651883368
ralt.png,1651876050
pbslme.png,1651809049
cdt.png,1651801435
suprghost.png,1651709985
pbb_sadgh.png,1651621880
mspaint_bluby.png,1651552814
not_good.png,1651542542
pbbhug.png,1651531672
mspaint_kby.png,1651468884
cortik.png,1651191368
sebbyboop.png,1651124000
mof.png,1651118299
fakehuman.png,1651115449
glue.png,1651109759
lesshard.png,1651038834
b_yoh.png,1650904231
smolghost.png,1650835378
dfruit.png,1650833907
rockynew.png,1650752321
profilepic6.0.png,1650685624
discor.png,1650579635
ss13.png,1650508616
bsplit.png,1650503678
spikers.png,1650415613
maus.png,1650412602
spikester.png,1650335957
spikeblopnnew.png,1650230838
alakazampkm.png,1650174626
progbar95.png,1650168953
l4d2.png,1650168226
umbreslime.png,1650155754
min.png,1650154461
boxhide_mg.png,1650145426
cerysad.png,1650079712
